jurisdiction,jurisdiction_code
ACME TOWNSHIP ,00200
ADA TOWNSHIP ,00240
ADAMS TOWNSHIP ,00280
ADAMS TOWNSHIP ,00300
ADAMS TOWNSHIP ,00320
ADDISON TOWNSHIP ,00400
ADRIAN CITY ,00440
ADRIAN TOWNSHIP ,00460
AETNA TOWNSHIP ,00500
AETNA TOWNSHIP ,00520
AKRON TOWNSHIP ,00720
ALABASTER TOWNSHIP ,00760
ALAIEDON TOWNSHIP ,00800
ALAMO TOWNSHIP ,00840
ALBEE TOWNSHIP ,00920
ALBERT TOWNSHIP ,00940
ALBION CITY ,00980
ALBION TOWNSHIP ,01000
ALCONA TOWNSHIP ,01040
ALGANSEE TOWNSHIP ,01120
ALGOMA TOWNSHIP ,01160
ALGONAC CITY ,01180
ALL ,0
ALLEGAN CITY ,01260
ALLEGAN TOWNSHIP ,01280
ALLEN PARK CITY ,01380
ALLEN TOWNSHIP ,01320
ALLENDALE TOWNSHIP ,01360
ALLIS TOWNSHIP ,01480
ALLOUEZ TOWNSHIP ,01520
ALMA CITY ,01540
ALMENA TOWNSHIP ,01600
ALMER TOWNSHIP ,01620
ALMIRA TOWNSHIP ,01640
ALMONT TOWNSHIP ,01680
ALOHA TOWNSHIP ,01720
ALPENA CITY ,01740
ALPENA TOWNSHIP ,01760
ALPINE TOWNSHIP ,01840
AMBER TOWNSHIP ,01980
AMBOY TOWNSHIP ,02020
ANN ARBOR CITY ,03000
ANN ARBOR TOWNSHIP ,03020
ANTIOCH TOWNSHIP ,03060
ANTRIM TOWNSHIP ,03120
ANTWERP TOWNSHIP ,03140
ARBELA TOWNSHIP ,03220
ARCADA TOWNSHIP ,03260
ARCADIA TOWNSHIP ,03320
ARCADIA TOWNSHIP ,03280
ARENAC TOWNSHIP ,03360
ARGENTINE TOWNSHIP ,03420
ARGYLE TOWNSHIP ,03460
ARLINGTON TOWNSHIP ,03500
ARMADA TOWNSHIP ,03540
ARTHUR TOWNSHIP ,03620
ARVON TOWNSHIP ,03660
ASH TOWNSHIP ,03680
ASHLAND TOWNSHIP ,03700
ASSYRIA TOWNSHIP ,03860
ATHENS TOWNSHIP ,03900
ATLAS TOWNSHIP ,04000
ATTICA TOWNSHIP ,04040
AU GRES CITY ,04120
AU GRES TOWNSHIP ,04140
AU SABLE TOWNSHIP ,04320
AU SABLE TOWNSHIP ,04300
AU TRAIN TOWNSHIP ,04460
AUBURN CITY ,04080
AUBURN HILLS CITY ,04105
AUGUSTA TOWNSHIP ,04180
AURELIUS TOWNSHIP ,04240
AUSTIN TOWNSHIP ,04380
AUSTIN TOWNSHIP ,04400
AVERY TOWNSHIP ,04580
BACKUS TOWNSHIP ,04720
BAD AXE CITY ,04740
BAGLEY TOWNSHIP ,04780
BAINBRIDGE TOWNSHIP ,04840
BALDWIN TOWNSHIP ,04900
BALDWIN TOWNSHIP ,04920
BALTIMORE TOWNSHIP ,05020
BANGOR CITY ,05140
BANGOR TOWNSHIP ,05160
BANGOR TOWNSHIP ,05120
BANKS TOWNSHIP ,05240
BARAGA TOWNSHIP ,05340
BARK RIVER TOWNSHIP ,05420
BARODA TOWNSHIP ,05520
BARRY TOWNSHIP ,05560
BARTON TOWNSHIP ,05620
BATAVIA TOWNSHIP ,05800
BATES TOWNSHIP ,05860
BATH TOWNSHIP ,05900
BATTLE CREEK CITY ,05920
BAY CITY CITY ,06020
BAY DE NOC TOWNSHIP ,06040
BAY MILLS TOWNSHIP ,06070
BAY TOWNSHIP ,06000
BEAR CREEK TOWNSHIP ,06380
BEAR LAKE TOWNSHIP ,06440
BEAR LAKE TOWNSHIP ,06480
BEARINGER TOWNSHIP ,06400
BEAUGRAND TOWNSHIP ,06500
BEAVER CREEK TOWNSHIP ,06600
BEAVER TOWNSHIP ,06580
BEAVER TOWNSHIP ,06540
BEAVERTON CITY ,06660
BEAVERTON TOWNSHIP ,06680
BEDFORD TOWNSHIP ,06740
BEDFORD TOWNSHIP ,06720
BELDING CITY ,06900
BELKNAP TOWNSHIP ,06920
BELLEVILLE CITY ,07020
BELLEVUE TOWNSHIP ,07080
BELVIDERE TOWNSHIP ,07200
BENGAL TOWNSHIP ,07240
BENNINGTON TOWNSHIP ,07280
BENONA TOWNSHIP ,07300
BENTLEY TOWNSHIP ,07360
BENTON CHARTER TOWNSHIP ,07400
BENTON HARBOR CITY ,07520
BENTON TOWNSHIP ,07440
BENTON TOWNSHIP ,07420
BENZONIA TOWNSHIP ,07600
BERGLAND TOWNSHIP ,07640
BERKLEY CITY ,07660
BERLIN TOWNSHIP ,07760
BERLIN TOWNSHIP ,07720
BERLIN TOWNSHIP ,07700
BERRIEN TOWNSHIP ,07820
BERTRAND TOWNSHIP ,07920
BESSEMER CITY ,07960
BESSEMER TOWNSHIP ,07980
BETHANY TOWNSHIP ,08020
BETHEL TOWNSHIP ,08060
BIG CREEK TOWNSHIP ,08220
BIG PRAIRIE TOWNSHIP ,08280
BIG RAPIDS CITY ,08300
BIG RAPIDS TOWNSHIP ,08320
BILLINGS TOWNSHIP ,08360
BINGHAM TOWNSHIP ,08440
BINGHAM TOWNSHIP ,08400
BINGHAM TOWNSHIP ,08420
BIRCH RUN TOWNSHIP ,08560
BIRMINGHAM CITY ,08640
BISMARCK TOWNSHIP ,08700
BLACKMAN TOWNSHIP ,08760
BLAINE TOWNSHIP ,08840
BLAIR TOWNSHIP ,08880
BLENDON TOWNSHIP ,08940
BLISS TOWNSHIP ,08980
BLISSFIELD TOWNSHIP ,09020
BLOOMER TOWNSHIP ,09040
BLOOMFIELD HILLS CITY ,09180
BLOOMFIELD TOWNSHIP ,09110
BLOOMFIELD TOWNSHIP ,09060
BLOOMFIELD TOWNSHIP ,09080
BLOOMINGDALE TOWNSHIP ,09240
BLUE LAKE TOWNSHIP ,09320
BLUE LAKE TOWNSHIP ,09340
BLUMFIELD TOWNSHIP ,09400
BOARDMAN TOWNSHIP ,09440
BOHEMIA TOWNSHIP ,09460
BOIS BLANC TOWNSHIP ,09500
BOON TOWNSHIP ,09580
BOSTON TOWNSHIP ,09680
BOURRET TOWNSHIP ,09720
BOWNE TOWNSHIP ,09780
BOYNE CITY CITY ,09820
BOYNE VALLEY TOWNSHIP ,09860
BRADY TOWNSHIP ,09940
BRADY TOWNSHIP ,09920
BRAMPTON TOWNSHIP ,09980
BRANCH TOWNSHIP ,10020
BRANDON TOWNSHIP ,10040
BRANT TOWNSHIP ,10100
BREEN TOWNSHIP ,10200
BREITUNG TOWNSHIP ,10220
BREVORT TOWNSHIP ,10360
BRIDGEHAMPTON TOWNSHIP ,10420
BRIDGEPORT TOWNSHIP ,10460
BRIDGETON TOWNSHIP ,10500
BRIDGEWATER TOWNSHIP ,10560
BRIDGMAN CITY ,10580
BRIGHTON CHARTER TOWNSHIP ,10640
BRIGHTON CITY ,10620
BRILEY TOWNSHIP ,10660
BROCKWAY TOWNSHIP ,10820
BRONSON CITY ,10860
BRONSON TOWNSHIP ,10880
BROOKFIELD TOWNSHIP ,10940
BROOKFIELD TOWNSHIP ,10920
BROOKS TOWNSHIP ,11060
BROOMFIELD TOWNSHIP ,11140
BROWN CITY CITY ,11180
BROWN TOWNSHIP ,11160
BROWNSTOWN TOWNSHIP ,11220
BRUCE TOWNSHIP ,11300
BRUCE TOWNSHIP ,11280
BUCHANAN CITY ,11400
BUCHANAN TOWNSHIP ,11420
BUCKEYE TOWNSHIP ,11440
BUEL TOWNSHIP ,11540
BUENA VISTA CHARTER TOWNSHIP ,11560
BUNKER HILL TOWNSHIP ,11640
BURDELL TOWNSHIP ,11680
BURLEIGH TOWNSHIP ,11740
BURLINGTON TOWNSHIP ,11820
BURLINGTON TOWNSHIP ,11840
BURNS TOWNSHIP ,11880
BURNSIDE TOWNSHIP ,11900
BURR OAK TOWNSHIP ,11940
BURT TOWNSHIP ,11960
BURT TOWNSHIP ,11980
BURTCHVILLE TOWNSHIP ,12020
BURTON CITY ,12060
BUSHNELL TOWNSHIP ,12120
BUTLER TOWNSHIP ,12140
BUTMAN TOWNSHIP ,12180
BUTTERFIELD TOWNSHIP ,12200
BYRON TOWNSHIP ,12240
CADILLAC CITY ,12320
CALDWELL TOWNSHIP ,12440
CALEDONIA CHARTER TOWNSHIP ,12520
CALEDONIA TOWNSHIP ,12460
CALEDONIA TOWNSHIP ,12500
CALIFORNIA TOWNSHIP ,12560
CALUMET TOWNSHIP ,12600
CALVIN TOWNSHIP ,12620
CAMBRIA TOWNSHIP ,12700
CAMBRIDGE TOWNSHIP ,12720
CAMDEN TOWNSHIP ,12780
CAMPBELL TOWNSHIP ,12840
CANNON TOWNSHIP ,13080
CANTON TOWNSHIP ,13120
CARLTON TOWNSHIP ,13340
CARMEL TOWNSHIP ,13380
CARO CITY ,13420
CARP LAKE TOWNSHIP ,13520
CARP LAKE TOWNSHIP ,13500
CARROLLTON TOWNSHIP ,13540
CARSON CITY CITY ,13600
CASCADE TOWNSHIP ,13660
CASCO TOWNSHIP ,13720
CASCO TOWNSHIP ,13700
CASE TOWNSHIP ,13740
CASEVILLE CITY ,13760
CASEVILLE TOWNSHIP ,13780
CASNOVIA TOWNSHIP ,13840
CASPIAN CITY ,13860
CASTLETON TOWNSHIP ,13960
CATO TOWNSHIP ,14000
CEDAR CREEK TOWNSHIP ,14120
CEDAR CREEK TOWNSHIP ,14100
CEDAR SPRINGS CITY ,14200
CEDAR TOWNSHIP ,14040
CEDARVILLE TOWNSHIP ,14240
CENTER LINE CITY ,14320
CENTER TOWNSHIP ,14300
CENTERVILLE TOWNSHIP ,14340
CENTRAL LAKE TOWNSHIP ,14420
CHAMPION TOWNSHIP ,14540
CHANDLER TOWNSHIP ,14560
CHANDLER TOWNSHIP ,14600
CHAPIN TOWNSHIP ,14660
CHARLESTON TOWNSHIP ,14720
CHARLEVOIX CITY ,14780
CHARLEVOIX TOWNSHIP ,14800
CHARLOTTE CITY ,14820
CHARLTON TOWNSHIP ,14840
CHASE TOWNSHIP ,14880
CHASSELL TOWNSHIP ,14920
CHEBOYGAN CITY ,15000
CHELSEA CITY ,15020
CHERRY GROVE TOWNSHIP ,15060
CHERRY VALLEY TOWNSHIP ,15100
CHESANING TOWNSHIP ,15160
CHESHIRE TOWNSHIP ,15200
CHESTER TOWNSHIP ,15300
CHESTER TOWNSHIP ,15280
CHESTER TOWNSHIP ,15260
CHESTERFIELD TOWNSHIP ,15340
CHESTONIA TOWNSHIP ,15380
CHIKAMING TOWNSHIP ,15480
CHINA TOWNSHIP ,15540
CHIPPEWA TOWNSHIP ,15600
CHIPPEWA TOWNSHIP ,15560
CHIPPEWA TOWNSHIP ,15580
CHOCOLAY TOWNSHIP ,15660
CHURCHILL TOWNSHIP ,15740
CLAM LAKE TOWNSHIP ,15860
CLAM UNION TOWNSHIP ,15900
CLARE CITY ,15920
CLARENCE TOWNSHIP ,15960
CLARENDON TOWNSHIP ,16020
CLARK TOWNSHIP ,16060
CLAWSON CITY ,16160
CLAY TOWNSHIP ,16180
CLAYBANKS TOWNSHIP ,16200
CLAYTON TOWNSHIP ,16260
CLAYTON TOWNSHIP ,16240
CLEARWATER TOWNSHIP ,16340
CLEMENT TOWNSHIP ,16360
CLEON TOWNSHIP ,16380
CLEVELAND TOWNSHIP ,16400
CLIMAX TOWNSHIP ,16460
CLINTON TOWNSHIP ,16540
CLINTON TOWNSHIP ,16520
CLINTON TOWNSHIP ,16500
CLIO CITY ,16620
CLYDE TOWNSHIP ,16760
CLYDE TOWNSHIP ,16720
COE TOWNSHIP ,16880
COHOCTAH TOWNSHIP ,16920
COLDSPRINGS TOWNSHIP ,17000
COLDWATER CITY ,17020
COLDWATER TOWNSHIP ,17060
COLDWATER TOWNSHIP ,17040
COLEMAN CITY ,17100
COLFAX TOWNSHIP ,17160
COLFAX TOWNSHIP ,17120
COLFAX TOWNSHIP ,17140
COLFAX TOWNSHIP ,17180
COLFAX TOWNSHIP ,17200
COLOMA CHARTER TOWNSHIP ,17340
COLOMA CITY ,17320
COLON TOWNSHIP ,17370
COLUMBIA TOWNSHIP ,17420
COLUMBIA TOWNSHIP ,17400
COLUMBIA TOWNSHIP ,17440
COLUMBUS TOWNSHIP ,17480
COLUMBUS TOWNSHIP ,17520
COMINS TOWNSHIP ,17600
COMMERCE TOWNSHIP ,17640
COMSTOCK TOWNSHIP ,17680
CONCORD TOWNSHIP ,17760
CONSTANTINE TOWNSHIP ,17860
CONVIS TOWNSHIP ,17880
CONWAY TOWNSHIP ,17920
COOPER TOWNSHIP ,17980
COOPERSVILLE CITY ,18020
CORNELL TOWNSHIP ,18280
CORUNNA CITY ,18300
CORWITH TOWNSHIP ,18320
COTTRELLVILLE TOWNSHIP ,18400
COURTLAND TOWNSHIP ,18500
COVERT TOWNSHIP ,18560
COVINGTON TOWNSHIP ,18600
CROCKERY TOWNSHIP ,18800
CROSS VILLAGE TOWNSHIP ,18900
CROSWELL CITY ,18920
CROTON TOWNSHIP ,18980
CRYSTAL FALLS CITY ,19140
CRYSTAL FALLS TOWNSHIP ,19150
CRYSTAL LAKE TOWNSHIP ,19180
CRYSTAL TOWNSHIP ,19080
CRYSTAL TOWNSHIP ,19100
CUMMING TOWNSHIP ,19260
CURTIS TOWNSHIP ,19320
CUSTER TOWNSHIP ,19440
CUSTER TOWNSHIP ,19400
CUSTER TOWNSHIP ,19460
DAFTER TOWNSHIP ,19540
DAGGETT TOWNSHIP ,19580
DALLAS TOWNSHIP ,19620
DALTON TOWNSHIP ,19660
DANBY TOWNSHIP ,19720
DAVISON CITY ,19880
DAVISON TOWNSHIP ,19900
DAY TOWNSHIP ,19920
DAYTON TOWNSHIP ,19960
DAYTON TOWNSHIP ,19980
DE WITT CITY ,22120
DE WITT TOWNSHIP ,22140
DEARBORN CITY ,21000
DEARBORN HEIGHTS CITY ,21020
DECATUR TOWNSHIP ,21060
DEEP RIVER TOWNSHIP ,21120
DEERFIELD TOWNSHIP ,21140
DEERFIELD TOWNSHIP ,21240
DEERFIELD TOWNSHIP ,21220
DEERFIELD TOWNSHIP ,21200
DEERFIELD TOWNSHIP ,21160
DELAWARE TOWNSHIP ,21380
DELHI CHARTER TOWNSHIP ,21420
DELTA CHARTER TOWNSHIP ,21520
DENMARK TOWNSHIP ,21600
DENTON TOWNSHIP ,21640
DENVER TOWNSHIP ,21680
DENVER TOWNSHIP ,21700
DETOUR TOWNSHIP ,21770
DETROIT CITY ,22000
DEXTER CITY ,22160
DEXTER TOWNSHIP ,22180
DICKSON TOWNSHIP ,22320
DORR TOWNSHIP ,22680
DOUGLASS TOWNSHIP ,22760
DOVER TOWNSHIP ,22840
DOVER TOWNSHIP ,22800
DOVER TOWNSHIP ,22820
DOWAGIAC CITY ,22880
DOYLE TOWNSHIP ,22960
DRUMMOND TOWNSHIP ,23080
DRYDEN TOWNSHIP ,23160
DUNCAN TOWNSHIP ,23340
DUNDEE TOWNSHIP ,23400
DUPLAIN TOWNSHIP ,23460
DURAND CITY ,23500
DWIGHT TOWNSHIP ,23540
EAGLE HARBOR TOWNSHIP ,23620
EAGLE TOWNSHIP ,23580
EAST BAY TOWNSHIP ,23800
EAST CHINA TOWNSHIP ,23820
EAST GRAND RAPIDS CITY ,23980
EAST JORDAN CITY ,24020
EAST LANSING CITY ,24120
EAST TAWAS CITY ,24420
EASTON TOWNSHIP ,24220
EASTPOINTE CITY ,24290
EATON RAPIDS CITY ,24540
EATON RAPIDS TOWNSHIP ,24560
EATON TOWNSHIP ,24520
ECHO TOWNSHIP ,24640
ECKFORD TOWNSHIP ,24700
ECORSE CITY ,24740
EDEN TOWNSHIP ,24820
EDEN TOWNSHIP ,24800
EDENVILLE TOWNSHIP ,24830
EDWARDS TOWNSHIP ,25020
EGELSTON TOWNSHIP ,25080
ELBA TOWNSHIP ,25160
ELBA TOWNSHIP ,25120
ELBRIDGE TOWNSHIP ,25200
ELK RAPIDS TOWNSHIP ,25340
ELK TOWNSHIP ,25280
ELK TOWNSHIP ,25260
ELKLAND TOWNSHIP ,25300
ELLINGTON TOWNSHIP ,25380
ELLIS TOWNSHIP ,25400
ELLSWORTH TOWNSHIP ,25440
ELM RIVER TOWNSHIP ,25660
ELMER TOWNSHIP ,25500
ELMER TOWNSHIP ,25540
ELMIRA TOWNSHIP ,25620
ELMWOOD TOWNSHIP ,25700
ELMWOOD TOWNSHIP ,25720
ELY TOWNSHIP ,25820
EMERSON TOWNSHIP ,25880
EMMETT TOWNSHIP ,25960
EMMETT TOWNSHIP ,25950
EMPIRE TOWNSHIP ,26000
ENSIGN TOWNSHIP ,26140
ENSLEY TOWNSHIP ,26160
ENTERPRISE TOWNSHIP ,26200
ERIE TOWNSHIP ,26320
ERWIN TOWNSHIP ,26340
ESCANABA CITY ,26360
ESCANABA TOWNSHIP ,26380
ESSEX TOWNSHIP ,26400
ESSEXVILLE CITY ,26420
EUREKA TOWNSHIP ,26520
EVANGELINE TOWNSHIP ,26580
EVART CITY ,26640
EVART TOWNSHIP ,26660
EVELINE TOWNSHIP ,26680
EVERETT TOWNSHIP ,26700
EVERGREEN TOWNSHIP ,26740
EVERGREEN TOWNSHIP ,26720
EWING TOWNSHIP ,26840
EXCELSIOR TOWNSHIP ,26860
EXETER TOWNSHIP ,26880
FABIUS TOWNSHIP ,26920
FAIRBANKS TOWNSHIP ,26960
FAIRFIELD TOWNSHIP ,27020
FAIRFIELD TOWNSHIP ,27040
FAIRGROVE TOWNSHIP ,27100
FAIRHAVEN TOWNSHIP ,27120
FAIRPLAIN TOWNSHIP ,27180
FAITHORN TOWNSHIP ,27300
FARMINGTON CITY ,27380
FARMINGTON HILLS CITY ,27440
FAWN RIVER TOWNSHIP ,27540
FAYETTE TOWNSHIP ,27580
FELCH TOWNSHIP ,27660
FENNVILLE CITY ,27740
FENTON CITY ,27760
FENTON TOWNSHIP ,27780
FERNDALE CITY ,27880
FERRIS TOWNSHIP ,27900
FERRY TOWNSHIP ,27940
FERRYSBURG CITY ,27960
FIFE LAKE TOWNSHIP ,28020
FILER TOWNSHIP ,28040
FILLMORE TOWNSHIP ,28120
FLAT ROCK CITY ,28360
FLINT CITY ,29000
FLINT TOWNSHIP ,29020
FLORENCE TOWNSHIP ,29060
FLOWERFIELD TOWNSHIP ,29140
FLUSHING CITY ,29200
FLUSHING TOWNSHIP ,29220
FLYNN TOWNSHIP ,29240
FORD RIVER TOWNSHIP ,29380
FOREST HOME TOWNSHIP ,29600
FOREST TOWNSHIP ,29440
FOREST TOWNSHIP ,29400
FOREST TOWNSHIP ,29420
FORESTER TOWNSHIP ,29500
FORK TOWNSHIP ,29680
FORSYTH TOWNSHIP ,29720
FORT GRATIOT TOWNSHIP ,29760
FOSTER TOWNSHIP ,29860
FRANKENLUST TOWNSHIP ,30180
FRANKENMUTH CITY ,30200
FRANKENMUTH TOWNSHIP ,30220
FRANKFORT CITY ,30260
FRANKLIN TOWNSHIP ,30320
FRANKLIN TOWNSHIP ,30280
FRANKLIN TOWNSHIP ,30300
FRASER CITY ,30420
FRASER TOWNSHIP ,30400
FREDERIC TOWNSHIP ,30480
FREDONIA TOWNSHIP ,30500
FREE SOIL TOWNSHIP ,30620
FREEDOM TOWNSHIP ,30520
FREEMAN TOWNSHIP ,30560
FREMONT CITY ,30700
FREMONT TOWNSHIP ,30680
FREMONT TOWNSHIP ,30740
FREMONT TOWNSHIP ,30720
FREMONT TOWNSHIP ,30760
FRENCHTOWN TOWNSHIP ,30820
FRIENDSHIP TOWNSHIP ,30860
FROST TOWNSHIP ,30900
FRUITLAND TOWNSHIP ,30980
FRUITPORT TOWNSHIP ,31020
FULTON TOWNSHIP ,31080
GAASTRA CITY ,31160
GAINES TOWNSHIP ,31240
GAINES TOWNSHIP ,31220
GALESBURG CITY ,31260
GALIEN TOWNSHIP ,31320
GANGES TOWNSHIP ,31360
GARDEN CITY CITY ,31420
GARDEN TOWNSHIP ,31400
GARFIELD TOWNSHIP ,31560
GARFIELD TOWNSHIP ,31640
GARFIELD TOWNSHIP ,31600
GARFIELD TOWNSHIP ,31620
GARFIELD TOWNSHIP ,31540
GARFIELD TOWNSHIP ,31580
GAYLORD CITY ,31720
GENESEE TOWNSHIP ,31800
GENEVA TOWNSHIP ,31840
GENEVA TOWNSHIP ,31820
GENOA TOWNSHIP ,31860
GEORGETOWN TOWNSHIP ,31880
GERMFASK TOWNSHIP ,31940
GERRISH TOWNSHIP ,31960
GIBRALTAR CITY ,32020
GIBSON TOWNSHIP ,32040
GILEAD TOWNSHIP ,32120
GILFORD TOWNSHIP ,32160
GILMORE TOWNSHIP ,32200
GILMORE TOWNSHIP ,32180
GIRARD TOWNSHIP ,32280
GLADSTONE CITY ,32300
GLADWIN CITY ,32320
GLADWIN TOWNSHIP ,32340
GLEN ARBOR TOWNSHIP ,32380
GOBLES CITY ,32640
GOLDEN TOWNSHIP ,32780
GOODAR TOWNSHIP ,32860
GOODLAND TOWNSHIP ,32960
GOODWELL TOWNSHIP ,33000
GORE TOWNSHIP ,33080
GOURLEY TOWNSHIP ,33160
GRAND BLANC CITY ,33280
GRAND BLANC TOWNSHIP ,33300
GRAND HAVEN CITY ,33340
GRAND HAVEN TOWNSHIP ,33360
GRAND ISLAND TOWNSHIP ,33380
GRAND LEDGE CITY ,33420
GRAND RAPIDS CHARTER TOWNSHIP ,34020
GRAND RAPIDS CITY ,34000
GRANDVILLE CITY ,34160
GRANT CITY ,34360
GRANT TOWNSHIP ,34380
GRANT TOWNSHIP ,34220
GRANT TOWNSHIP ,34400
GRANT TOWNSHIP ,34340
GRANT TOWNSHIP ,34320
GRANT TOWNSHIP ,34300
GRANT TOWNSHIP ,34420
GRANT TOWNSHIP ,34200
GRANT TOWNSHIP ,34280
GRANT TOWNSHIP ,34260
GRANT TOWNSHIP ,34240
GRASS LAKE CHARTER TOWNSHIP ,34500
GRATTAN TOWNSHIP ,34560
GRAYLING CHARTER TOWNSHIP ,34660
GRAYLING CITY ,34640
GREEN LAKE TOWNSHIP ,34960
GREEN OAK TOWNSHIP ,35060
GREEN TOWNSHIP ,34760
GREEN TOWNSHIP ,34740
GREENBUSH TOWNSHIP ,34820
GREENBUSH TOWNSHIP ,34840
GREENDALE TOWNSHIP ,34860
GREENLAND TOWNSHIP ,35000
GREENLEAF TOWNSHIP ,35020
GREENVILLE CITY ,35100
GREENWOOD TOWNSHIP ,35160
GREENWOOD TOWNSHIP ,35120
GREENWOOD TOWNSHIP ,35200
GREENWOOD TOWNSHIP ,35240
GREENWOOD TOWNSHIP ,35220
GRIM TOWNSHIP ,35340
GROSSE ILE TOWNSHIP ,35420
GROSSE POINTE CITY ,35480
GROSSE POINTE FARMS CITY ,35520
GROSSE POINTE PARK CITY ,35540
GROSSE POINTE SHORES CITY ,35560
GROSSE POINTE WOODS CITY ,35580
GROUT TOWNSHIP ,35620
GROVELAND TOWNSHIP ,35640
GUNPLAIN TOWNSHIP ,35720
GUSTIN TOWNSHIP ,35740
HADLEY TOWNSHIP ,35840
HAGAR TOWNSHIP ,35860
HAIGHT TOWNSHIP ,35960
HAMBURG TOWNSHIP ,36100
HAMILTON TOWNSHIP ,36160
HAMILTON TOWNSHIP ,36180
HAMILTON TOWNSHIP ,36140
HAMLIN TOWNSHIP ,36200
HAMLIN TOWNSHIP ,36220
HAMPTON TOWNSHIP ,36260
HAMTRAMCK CITY ,36280
HANCOCK CITY ,36300
HANCOCK TOWNSHIP ,36320
HANDY TOWNSHIP ,36340
HANOVER TOWNSHIP ,36400
HANOVER TOWNSHIP ,36420
HARBOR BEACH CITY ,36460
HARBOR SPRINGS CITY ,36560
HARING TOWNSHIP ,36600
HARPER WOODS CITY ,36700
HARRIS TOWNSHIP ,36760
HARRISON CITY ,36800
HARRISON TOWNSHIP ,36820
HARRISVILLE CITY ,36860
HARRISVILLE TOWNSHIP ,36880
HART CITY ,36920
HART TOWNSHIP ,36940
HARTFORD CITY ,36960
HARTFORD TOWNSHIP ,36980
HARTLAND TOWNSHIP ,37040
HARTWICK TOWNSHIP ,37060
HASTINGS CITY ,37120
HASTINGS TOWNSHIP ,37140
HATTON TOWNSHIP ,37160
HAWES TOWNSHIP ,37220
HAY TOWNSHIP ,37300
HAYES TOWNSHIP ,37360
HAYES TOWNSHIP ,37340
HAYES TOWNSHIP ,37320
HAYNES TOWNSHIP ,37380
HAZEL PARK CITY ,37420
HAZELTON TOWNSHIP ,37440
HEATH TOWNSHIP ,37460
HEBRON TOWNSHIP ,37480
HELENA TOWNSHIP ,37500
HEMATITE TOWNSHIP ,37580
HENDERSON TOWNSHIP ,37640
HENDRICKS TOWNSHIP ,37660
HENRIETTA TOWNSHIP ,37700
HERSEY TOWNSHIP ,37840
HIAWATHA TOWNSHIP ,37940
HIGGINS TOWNSHIP ,38020
HIGHLAND PARK CITY ,38180
HIGHLAND TOWNSHIP ,38080
HIGHLAND TOWNSHIP ,38100
HILL TOWNSHIP ,38300
HILLMAN TOWNSHIP ,38400
HILLSDALE CITY ,38460
HILLSDALE TOWNSHIP ,38480
HINTON TOWNSHIP ,38540
HOLLAND CITY ,38640
HOLLAND TOWNSHIP ,38660
HOLLAND TOWNSHIP ,38620
HOLLY TOWNSHIP ,38720
HOLMES TOWNSHIP ,38760
HOLTON TOWNSHIP ,38820
HOME TOWNSHIP ,38860
HOME TOWNSHIP ,38840
HOMER TOWNSHIP ,38940
HOMER TOWNSHIP ,38980
HOMESTEAD TOWNSHIP ,39000
HOPE TOWNSHIP ,39160
HOPE TOWNSHIP ,39120
HOPKINS TOWNSHIP ,39200
HORTON TOWNSHIP ,39320
HOUGHTON CITY ,39360
HOUGHTON TOWNSHIP ,39380
HOWARD TOWNSHIP ,39480
HOWELL CITY ,39540
HOWELL TOWNSHIP ,39560
HUDSON CITY ,39720
HUDSON TOWNSHIP ,39700
HUDSON TOWNSHIP ,39740
HUDSON TOWNSHIP ,39760
HUDSONVILLE CITY ,39800
HULBERT TOWNSHIP ,39860
HUMBOLDT TOWNSHIP ,39940
HUME TOWNSHIP ,39960
HUNTINGTON WOODS CITY ,40000
HURON TOWNSHIP ,40040
HURON TOWNSHIP ,40020
IDA TOWNSHIP ,40260
IMLAY CITY CITY ,40320
IMLAY TOWNSHIP ,40300
INDEPENDENCE TOWNSHIP ,40400
INDIANFIELDS TOWNSHIP ,40440
INGALLSTON TOWNSHIP ,40600
INGERSOLL TOWNSHIP ,40620
INGHAM TOWNSHIP ,40640
INKSTER CITY ,40680
INLAND TOWNSHIP ,40700
INTERIOR TOWNSHIP ,40760
INVERNESS TOWNSHIP ,40820
INWOOD TOWNSHIP ,40840
IONIA CITY ,40860
IONIA TOWNSHIP ,40880
IOSCO TOWNSHIP ,40900
IRA TOWNSHIP ,40920
IRON MOUNTAIN CITY ,40960
IRON RIVER CITY ,40980
IRON RIVER TOWNSHIP ,41000
IRONWOOD CITY ,41060
IRONWOOD TOWNSHIP ,41080
IRVING TOWNSHIP ,41120
ISABELLA TOWNSHIP ,41160
ISHPEMING CITY ,41220
ISHPEMING TOWNSHIP ,41240
ITHACA CITY ,41340
JACKSON CITY ,41420
JAMES TOWNSHIP ,41480
JAMESTOWN TOWNSHIP ,41520
JASPER TOWNSHIP ,41560
JEFFERSON TOWNSHIP ,41600
JEFFERSON TOWNSHIP ,41620
JEROME TOWNSHIP ,41760
JOHNSTOWN TOWNSHIP ,41860
JONESFIELD TOWNSHIP ,41900
JONESVILLE CITY ,41920
JORDAN TOWNSHIP ,41960
JOYFIELD TOWNSHIP ,42000
JUNIATA TOWNSHIP ,42140
KALAMAZOO CITY ,42160
KALAMAZOO TOWNSHIP ,42180
KALAMO TOWNSHIP ,42220
KALKASKA TOWNSHIP ,42280
KASSON TOWNSHIP ,42320
KAWKAWLIN TOWNSHIP ,42360
KEARNEY TOWNSHIP ,42400
KEEGO HARBOR CITY ,42460
KEELER TOWNSHIP ,42500
KEENE TOWNSHIP ,42520
KENOCKEE TOWNSHIP ,42740
KENTWOOD CITY ,42820
KIMBALL TOWNSHIP ,43160
KINDERHOOK TOWNSHIP ,43260
KINGSFORD CITY ,43300
KINGSTON TOWNSHIP ,43400
KINROSS TOWNSHIP ,43480
KLACKING TOWNSHIP ,43640
KOCHVILLE TOWNSHIP ,43800
KOEHLER TOWNSHIP ,43820
KOYLTON TOWNSHIP ,43880
KRAKOW TOWNSHIP ,43900
LA GRANGE TOWNSHIP ,44140
LA SALLE TOWNSHIP ,46260
LAFAYETTE TOWNSHIP ,44080
LAINGSBURG CITY ,44200
LAIRD TOWNSHIP ,44220
LAKE ANGELUS CITY ,44440
LAKE CHARTER TOWNSHIP ,44260
LAKE CITY CITY ,44480
LAKE TOWNSHIP ,44320
LAKE TOWNSHIP ,44400
LAKE TOWNSHIP ,44380
LAKE TOWNSHIP ,44240
LAKE TOWNSHIP ,44360
LAKE TOWNSHIP ,44300
LAKEFIELD TOWNSHIP ,44540
LAKEFIELD TOWNSHIP ,44560
LAKETON TOWNSHIP ,45160
LAKETOWN TOWNSHIP ,45180
LAMOTTE TOWNSHIP ,45460
LANSE TOWNSHIP ,45560
LANSING CITY ,46000
LANSING TOWNSHIP ,46020
LAPEER CITY ,46040
LAPEER TOWNSHIP ,46060
LARKIN TOWNSHIP ,46160
LATHRUP VILLAGE CITY ,46320
LAWRENCE TOWNSHIP ,46460
LE ROY TOWNSHIP ,47120
LEAVITT TOWNSHIP ,46560
LEBANON TOWNSHIP ,46580
LEE TOWNSHIP ,46620
LEE TOWNSHIP ,46640
LEE TOWNSHIP ,46600
LEELANAU TOWNSHIP ,46700
LEIGHTON TOWNSHIP ,46760
LELAND TOWNSHIP ,46820
LENOX TOWNSHIP ,46900
LEONI TOWNSHIP ,46980
LEONIDAS TOWNSHIP ,47020
LEROY TOWNSHIP ,47080
LEROY TOWNSHIP ,47060
LESLIE CITY ,47180
LESLIE TOWNSHIP ,47200
LEXINGTON TOWNSHIP ,47300
LIBERTY TOWNSHIP ,47380
LIBERTY TOWNSHIP ,47360
LILLEY TOWNSHIP ,47440
LIMA TOWNSHIP ,47460
LIMESTONE TOWNSHIP ,47540
LINCOLN CHARTER TOWNSHIP ,47600
LINCOLN PARK CITY ,47800
LINCOLN TOWNSHIP ,47720
LINCOLN TOWNSHIP ,47640
LINCOLN TOWNSHIP ,47580
LINCOLN TOWNSHIP ,47620
LINCOLN TOWNSHIP ,47660
LINCOLN TOWNSHIP ,47680
LINCOLN TOWNSHIP ,47700
LINDEN CITY ,47820
LITCHFIELD CITY ,47980
LITCHFIELD TOWNSHIP ,48000
LITTLE TRAVERSE TOWNSHIP ,48080
LITTLEFIELD TOWNSHIP ,48020
LIVINGSTON TOWNSHIP ,48140
LIVONIA CITY ,49000
LOCKE TOWNSHIP ,49040
LOCKPORT TOWNSHIP ,49060
LODI TOWNSHIP ,49120
LOGAN TOWNSHIP ,49140
LOGAN TOWNSHIP ,49160
LONDON TOWNSHIP ,49180
LONG LAKE TOWNSHIP ,49240
LONG RAPIDS TOWNSHIP ,49360
LOUD TOWNSHIP ,49480
LOVELLS TOWNSHIP ,49520
LOWELL CITY ,49540
LOWELL TOWNSHIP ,49560
LUDINGTON CITY ,49640
LUNA PIER CITY ,49700
LYNDON TOWNSHIP ,49780
LYNN TOWNSHIP ,49800
LYON TOWNSHIP ,49820
LYON TOWNSHIP ,49840
LYONS TOWNSHIP ,49920
MACKINAC ISLAND CITY ,50280
MACKINAW TOWNSHIP ,50300
MACOMB TOWNSHIP ,50480
MACON TOWNSHIP ,50520
MADISON CHARTER TOWNSHIP ,50540
MADISON HEIGHTS CITY ,50560
MANCELONA TOWNSHIP ,50640
MANCHESTER TOWNSHIP ,50680
MANISTEE CITY ,50720
MANISTEE TOWNSHIP ,50740
MANISTIQUE CITY ,50760
MANISTIQUE TOWNSHIP ,50780
MANLIUS TOWNSHIP ,50840
MANSFIELD TOWNSHIP ,50860
MANTON CITY ,50880
MAPLE FOREST TOWNSHIP ,50940
MAPLE GROVE TOWNSHIP ,51000
MAPLE GROVE TOWNSHIP ,51060
MAPLE GROVE TOWNSHIP ,50960
MAPLE RIDGE TOWNSHIP ,51220
MAPLE RIDGE TOWNSHIP ,51260
MAPLE RIVER TOWNSHIP ,51280
MAPLE VALLEY TOWNSHIP ,51380
MAPLE VALLEY TOWNSHIP ,51340
MARATHON TOWNSHIP ,51420
MARCELLUS TOWNSHIP ,51480
MARENGO TOWNSHIP ,51520
MARENISCO TOWNSHIP ,51560
MARILLA TOWNSHIP ,51580
MARINE CITY CITY ,51600
MARION TOWNSHIP ,51620
MARION TOWNSHIP ,51640
MARION TOWNSHIP ,51680
MARION TOWNSHIP ,51700
MARION TOWNSHIP ,51720
MARKEY TOWNSHIP ,51780
MARLETTE CITY ,51820
MARLETTE TOWNSHIP ,51840
MARQUETTE CITY ,51900
MARQUETTE TOWNSHIP ,51880
MARQUETTE TOWNSHIP ,51920
MARSHALL CITY ,51940
MARSHALL TOWNSHIP ,51960
MARTIN TOWNSHIP ,52000
MARTINY TOWNSHIP ,52060
MARYSVILLE CITY ,52080
MASON CITY ,52180
MASON TOWNSHIP ,52120
MASON TOWNSHIP ,52140
MASONVILLE TOWNSHIP ,52220
MASTODON TOWNSHIP ,52300
MATCHWOOD TOWNSHIP ,52320
MATHIAS TOWNSHIP ,52360
MATTESON TOWNSHIP ,52400
MAYFIELD TOWNSHIP ,52480
MAYFIELD TOWNSHIP ,52500
MCBAIN CITY ,49980
MCKINLEY TOWNSHIP ,50360
MCKINLEY TOWNSHIP ,50340
MCMILLAN TOWNSHIP ,50440
MCMILLAN TOWNSHIP ,50460
MEADE TOWNSHIP ,52640
MEADE TOWNSHIP ,52600
MECOSTA TOWNSHIP ,52780
MEDINA TOWNSHIP ,52820
MELLEN TOWNSHIP ,52860
MELROSE TOWNSHIP ,52880
MELVINDALE CITY ,52940
MEMPHIS CITY ,52960
MENDON TOWNSHIP ,53000
MENOMINEE CITY ,53020
MENOMINEE TOWNSHIP ,53040
MENTOR TOWNSHIP ,53100
MENTOR TOWNSHIP ,53120
MERIDIAN TOWNSHIP ,53140
MERRILL TOWNSHIP ,53160
MERRITT TOWNSHIP ,53220
METAMORA TOWNSHIP ,53360
METZ TOWNSHIP ,53440
MEYER TOWNSHIP ,53460
MICHIGAMME TOWNSHIP ,53540
MIDDLE BRANCH TOWNSHIP ,53660
MIDDLEBURY TOWNSHIP ,53680
MIDLAND CITY ,53780
MIDLAND TOWNSHIP ,53800
MIKADO TOWNSHIP ,53880
MILAN CITY ,53920
MILAN TOWNSHIP ,53900
MILFORD TOWNSHIP ,53980
MILLBROOK TOWNSHIP ,54020
MILLEN TOWNSHIP ,54060
MILLINGTON TOWNSHIP ,54240
MILLS TOWNSHIP ,54320
MILLS TOWNSHIP ,54340
MILTON TOWNSHIP ,54460
MILTON TOWNSHIP ,54440
MINDEN TOWNSHIP ,54540
MITCHELL TOWNSHIP ,54740
MOFFATT TOWNSHIP ,54800
MOLTKE TOWNSHIP ,54860
MONITOR TOWNSHIP ,54980
MONROE CITY ,55020
MONROE TOWNSHIP ,55060
MONROE TOWNSHIP ,55040
MONTAGUE CITY ,55100
MONTAGUE TOWNSHIP ,55120
MONTCALM TOWNSHIP ,55140
MONTEREY TOWNSHIP ,55200
MONTMORENCY TOWNSHIP ,55240
MONTROSE CITY ,55280
MONTROSE TOWNSHIP ,55300
MOORE TOWNSHIP ,55320
MOORLAND TOWNSHIP ,55440
MORAN TOWNSHIP ,55480
MORENCI CITY ,55500
MORTON TOWNSHIP ,55600
MOSCOW TOWNSHIP ,55640
MOTTVILLE TOWNSHIP ,55780
MOUNT CLEMENS CITY ,55820
MOUNT FOREST TOWNSHIP ,55920
MOUNT HALEY TOWNSHIP ,55940
MOUNT MORRIS CITY ,55960
MOUNT MORRIS TOWNSHIP ,55980
MOUNT PLEASANT CITY ,56020
MUELLER TOWNSHIP ,56060
MULLETT TOWNSHIP ,56100
MUNDY TOWNSHIP ,56160
MUNISING CITY ,56200
MUNISING TOWNSHIP ,56220
MUNRO TOWNSHIP ,56280
MUSKEGON CITY ,56320
MUSKEGON HEIGHTS CITY ,56360
MUSKEGON TOWNSHIP ,56340
MUSSEY TOWNSHIP ,56380
NADEAU TOWNSHIP ,56440
NAHMA TOWNSHIP ,56500
NAPOLEON TOWNSHIP ,56640
NEGAUNEE CITY ,56860
NEGAUNEE TOWNSHIP ,56880
NELSON TOWNSHIP ,56920
NESTER TOWNSHIP ,56980
NEW BALTIMORE CITY ,57100
NEW BUFFALO CITY ,57220
NEW BUFFALO TOWNSHIP ,57230
NEW HAVEN TOWNSHIP ,57400
NEW HAVEN TOWNSHIP ,57360
NEWARK TOWNSHIP ,57040
NEWAYGO CITY ,57080
NEWBERG TOWNSHIP ,57120
NEWFIELD TOWNSHIP ,57300
NEWKIRK TOWNSHIP ,57480
NEWTON TOWNSHIP ,57640
NEWTON TOWNSHIP ,57620
NILES CHARTER TOWNSHIP ,57780
NILES CITY ,57760
NOBLE TOWNSHIP ,57860
NORMAN TOWNSHIP ,57900
NORTH ALLIS TOWNSHIP ,57940
NORTH BRANCH TOWNSHIP ,58090
NORTH MUSKEGON CITY ,58640
NORTH PLAINS TOWNSHIP ,58720
NORTH SHADE TOWNSHIP ,58800
NORTH STAR TOWNSHIP ,58880
NORTHFIELD TOWNSHIP ,58280
NORTHVILLE CITY ,58980
NORTHVILLE TOWNSHIP ,59000
NORTON SHORES CITY ,59140
NORVELL TOWNSHIP ,59180
NORWAY CITY ,59220
NORWAY TOWNSHIP ,59240
NORWICH TOWNSHIP ,59300
NORWICH TOWNSHIP ,59280
NORWOOD TOWNSHIP ,59340
NOTTAWA TOWNSHIP ,59400
NOTTAWA TOWNSHIP ,59360
NOVESTA TOWNSHIP ,59420
NOVI CITY ,59440
NOVI TOWNSHIP ,59460
NUNDA TOWNSHIP ,59500
OAK PARK CITY ,59920
OAKFIELD TOWNSHIP ,59580
OAKLAND CHARTER TOWNSHIP ,59820
OCEOLA TOWNSHIP ,60120
OCQUEOC TOWNSHIP ,60160
ODESSA TOWNSHIP ,60200
OGDEN TOWNSHIP ,60260
OGEMAW TOWNSHIP ,60300
OLIVE TOWNSHIP ,60440
OLIVE TOWNSHIP ,60460
OLIVER TOWNSHIP ,60520
OLIVER TOWNSHIP ,60540
OLIVET CITY ,60580
OMER CITY ,60660
ONAWAY CITY ,60680
ONEIDA CHARTER TOWNSHIP ,60700
ONEKAMA TOWNSHIP ,60760
ONONDAGA TOWNSHIP ,60800
ONOTA TOWNSHIP ,60820
ONTONAGON TOWNSHIP ,60880
ONTWA TOWNSHIP ,60900
ORANGE TOWNSHIP ,60920
ORANGE TOWNSHIP ,60940
ORANGEVILLE TOWNSHIP ,60980
ORCHARD LAKE VILLAGE CITY ,61020
OREGON TOWNSHIP ,61060
ORIENT TOWNSHIP ,61080
ORION TOWNSHIP ,61100
ORLEANS TOWNSHIP ,61160
ORONOKO CHARTER TOWNSHIP ,61180
OSCEOLA TOWNSHIP ,61280
OSCEOLA TOWNSHIP ,61260
OSCODA TOWNSHIP ,61340
OSHTEMO TOWNSHIP ,61400
OSSINEKE TOWNSHIP ,61520
OTISCO TOWNSHIP ,61580
OTSEGO CITY ,61620
OTSEGO LAKE TOWNSHIP ,61680
OTSEGO TOWNSHIP ,61640
OTTO TOWNSHIP ,61780
OVERISEL TOWNSHIP ,61820
OVID CITY ,61860
OVID TOWNSHIP ,61880
OVID TOWNSHIP ,61840
OWOSSO CITY ,61940
OWOSSO TOWNSHIP ,61960
OXFORD TOWNSHIP ,62040
PALMYRA TOWNSHIP ,62240
PARADISE TOWNSHIP ,62320
PARCHMENT CITY ,62340
PARIS TOWNSHIP ,62360
PARK TOWNSHIP ,62460
PARK TOWNSHIP ,62480
PARMA TOWNSHIP ,62760
PAVILION TOWNSHIP ,62960
PAW PAW TOWNSHIP ,63000
PEACOCK TOWNSHIP ,63120
PEAINE TOWNSHIP ,63140
PENINSULA TOWNSHIP ,63340
PENN TOWNSHIP ,63380
PENNFIELD TOWNSHIP ,63440
PENTLAND TOWNSHIP ,63500
PENTWATER TOWNSHIP ,63560
PERE MARQUETTE CHARTER TWP ,63600
PERRY CITY ,63700
PERRY TOWNSHIP ,63720
PETERSBURG CITY ,63800
PETOSKEY CITY ,63820
PICKFORD TOWNSHIP ,63980
PIERSON TOWNSHIP ,64040
PINCONNING CITY ,64160
PINCONNING TOWNSHIP ,64180
PINE GROVE TOWNSHIP ,64280
PINE RIVER TOWNSHIP ,64360
PINE TOWNSHIP ,64200
PINORA TOWNSHIP ,64440
PIONEER TOWNSHIP ,64460
PIPESTONE TOWNSHIP ,64480
PITTSFIELD CHARTER TOWNSHIP ,64560
PITTSFORD TOWNSHIP ,64620
PLAINFIELD TOWNSHIP ,64660
PLAINFIELD TOWNSHIP ,64640
PLAINWELL CITY ,64740
PLATTE TOWNSHIP ,64760
PLEASANT PLAINS TOWNSHIP ,64880
PLEASANT RIDGE CITY ,64900
PLEASANTON TOWNSHIP ,64860
PLEASANTVIEW TOWNSHIP ,64960
PLYMOUTH CITY ,65060
PLYMOUTH TOWNSHIP ,65080
POINTE AUX BARQUES TOWNSHIP ,65180
POKAGON TOWNSHIP ,65300
POLKTON TOWNSHIP ,65320
PONTIAC CITY ,65440
PORT AUSTIN TOWNSHIP ,65700
PORT HURON CITY ,65820
PORT HURON TOWNSHIP ,65840
PORT SHELDON TOWNSHIP ,65940
PORTAGE CITY ,65560
PORTAGE TOWNSHIP ,65600
PORTAGE TOWNSHIP ,65540
PORTER TOWNSHIP ,65720
PORTER TOWNSHIP ,65760
PORTER TOWNSHIP ,65740
PORTLAND CITY ,65860
PORTLAND TOWNSHIP ,65880
PORTSMOUTH TOWNSHIP ,65980
POSEN TOWNSHIP ,66020
POTTERVILLE CITY ,66100
POWELL TOWNSHIP ,66120
PRAIRIE RONDE TOWNSHIP ,66200
PRAIRIEVILLE TOWNSHIP ,66260
PRESQUE ISLE TOWNSHIP ,66340
PULASKI TOWNSHIP ,66440
PULAWSKI TOWNSHIP ,66460
PUTNAM TOWNSHIP ,66540
QUINCY TOWNSHIP ,66660
QUINCY TOWNSHIP ,66680
RABER TOWNSHIP ,66760
RAISIN TOWNSHIP ,66840
RAISINVILLE TOWNSHIP ,66900
RANSOM TOWNSHIP ,67120
RAPID RIVER TOWNSHIP ,67180
RAVENNA TOWNSHIP ,67300
RAY TOWNSHIP ,67420
READING CITY ,67500
READING TOWNSHIP ,67520
READMOND TOWNSHIP ,67540
REDDING TOWNSHIP ,67600
REDFORD TOWNSHIP ,67625
REED CITY CITY ,67820
REEDER TOWNSHIP ,67840
RENO TOWNSHIP ,67960
REPUBLIC TOWNSHIP ,68000
RESORT TOWNSHIP ,68060
REYNOLDS TOWNSHIP ,68120
RICH TOWNSHIP ,68160
RICHFIELD TOWNSHIP ,68200
RICHFIELD TOWNSHIP ,68180
RICHLAND TOWNSHIP ,68300
RICHLAND TOWNSHIP ,68280
RICHLAND TOWNSHIP ,68260
RICHLAND TOWNSHIP ,68340
RICHLAND TOWNSHIP ,68320
RICHMOND CITY ,68380
RICHMOND TOWNSHIP ,68400
RICHMOND TOWNSHIP ,68420
RICHMOND TOWNSHIP ,68440
RIDGEWAY TOWNSHIP ,68540
RIGA TOWNSHIP ,68580
RILEY TOWNSHIP ,68620
RILEY TOWNSHIP ,68600
RIVER ROUGE CITY ,68760
RIVERSIDE TOWNSHIP ,68820
RIVERTON TOWNSHIP ,68860
RIVERVIEW CITY ,68880
RIVES TOWNSHIP ,68920
ROBINSON TOWNSHIP ,69000
ROCHESTER CITY ,69020
ROCHESTER HILLS CITY ,69035
ROCK RIVER TOWNSHIP ,69160
ROCKFORD CITY ,69080
ROCKLAND TOWNSHIP ,69140
ROCKWOOD CITY ,69180
ROGERS CITY CITY ,69260
ROGERS TOWNSHIP ,69240
ROLLAND TOWNSHIP ,69300
ROLLIN TOWNSHIP ,69340
ROME TOWNSHIP ,69360
ROMULUS CITY ,69420
RONALD TOWNSHIP ,69440
ROOSEVELT PARK CITY ,69520
ROSCOMMON TOWNSHIP ,69560
ROSE CITY CITY ,69680
ROSE LAKE TOWNSHIP ,69760
ROSE TOWNSHIP ,69580
ROSE TOWNSHIP ,69600
ROSEVILLE CITY ,69800
ROSS TOWNSHIP ,69820
ROXAND TOWNSHIP ,70020
ROYAL OAK CITY ,70040
ROYAL OAK TOWNSHIP ,70060
ROYALTON TOWNSHIP ,70100
RUBICON TOWNSHIP ,70140
RUDYARD TOWNSHIP ,70220
RUSH TOWNSHIP ,70260
RUST TOWNSHIP ,70380
RUTLAND TOWNSHIP ,70420
SAGE TOWNSHIP ,70500
SAGINAW CITY ,70520
SAGINAW TOWNSHIP ,70540
SAGOLA TOWNSHIP ,70600
SALEM TOWNSHIP ,71100
SALEM TOWNSHIP ,71130
SALINE CITY ,71140
SALINE TOWNSHIP ,71160
SANBORN TOWNSHIP ,71240
SAND BEACH TOWNSHIP ,71260
SANDS TOWNSHIP ,71460
SANDSTONE TOWNSHIP ,71500
SANDUSKY CITY ,71540
SANILAC TOWNSHIP ,71580
SAUBLE TOWNSHIP ,71680
SAUGATUCK CITY ,71700
SAUGATUCK TOWNSHIP ,71720
SAULT STE MARIE CITY ,71740
SCHOOLCRAFT TOWNSHIP ,71840
SCHOOLCRAFT TOWNSHIP ,71880
SCIO TOWNSHIP ,71940
SCIOTA TOWNSHIP ,71960
SCIPIO TOWNSHIP ,71980
SCOTTVILLE CITY ,72080
SEBEWA TOWNSHIP ,72120
SEBEWAING TOWNSHIP ,72200
SECORD TOWNSHIP ,72240
SELMA TOWNSHIP ,72380
SENECA TOWNSHIP ,72440
SENEY TOWNSHIP ,72500
SEVILLE TOWNSHIP ,72580
SHARON TOWNSHIP ,72760
SHELBY CHARTER TOWNSHIP ,72820
SHELBY TOWNSHIP ,72860
SHERIDAN CHARTER TOWNSHIP ,73120
SHERIDAN TOWNSHIP ,73060
SHERIDAN TOWNSHIP ,73040
SHERIDAN TOWNSHIP ,73080
SHERIDAN TOWNSHIP ,73000
SHERIDAN TOWNSHIP ,72980
SHERMAN TOWNSHIP ,73180
SHERMAN TOWNSHIP ,73160
SHERMAN TOWNSHIP ,73300
SHERMAN TOWNSHIP ,73280
SHERMAN TOWNSHIP ,73260
SHERMAN TOWNSHIP ,73240
SHERMAN TOWNSHIP ,73200
SHERMAN TOWNSHIP ,73220
SHERMAN TOWNSHIP ,73140
SHERWOOD TOWNSHIP ,73440
SHIAWASSEE TOWNSHIP ,73520
SIDNEY TOWNSHIP ,73840
SIGEL TOWNSHIP ,73880
SILVER CREEK TOWNSHIP ,73940
SIMS TOWNSHIP ,74020
SKANDIA TOWNSHIP ,74110
SLAGLE TOWNSHIP ,74220
SODUS TOWNSHIP ,74440
SOLON TOWNSHIP ,74460
SOLON TOWNSHIP ,74500
SOMERSET TOWNSHIP ,74560
SOO TOWNSHIP ,74620
SOUTH ARM TOWNSHIP ,74680
SOUTH BRANCH TOWNSHIP ,74760
SOUTH BRANCH TOWNSHIP ,74820
SOUTH HAVEN CITY ,74980
SOUTH HAVEN TOWNSHIP ,75000
SOUTH LYON CITY ,75100
SOUTHFIELD CITY ,74900
SOUTHFIELD TOWNSHIP ,74920
SOUTHGATE CITY ,74960
SPALDING TOWNSHIP ,75350
SPARTA TOWNSHIP ,75440
SPAULDING TOWNSHIP ,75480
SPEAKER TOWNSHIP ,75500
SPENCER TOWNSHIP ,75560
SPRING ARBOR TOWNSHIP ,75640
SPRING LAKE TOWNSHIP ,75840
SPRINGDALE TOWNSHIP ,75680
SPRINGFIELD CITY ,75700
SPRINGFIELD TOWNSHIP ,75760
SPRINGFIELD TOWNSHIP ,75720
SPRINGPORT TOWNSHIP ,75880
SPRINGVALE TOWNSHIP ,75900
SPRINGVILLE TOWNSHIP ,75940
SPURR TOWNSHIP ,76000
ST CHARLES TOWNSHIP ,70660
ST CLAIR CITY ,70680
ST CLAIR SHORES CITY ,70760
ST CLAIR TOWNSHIP ,70700
ST IGNACE CITY ,70840
ST IGNACE TOWNSHIP ,70860
ST JAMES TOWNSHIP ,70920
ST JOHNS CITY ,70940
ST JOSEPH CHARTER TOWNSHIP ,70980
ST JOSEPH CITY ,70960
ST LOUIS CITY ,71000
STAMBAUGH TOWNSHIP ,76080
STANDISH CITY ,76120
STANDISH TOWNSHIP ,76140
STANNARD TOWNSHIP ,76180
STANTON CITY ,76220
STANTON TOWNSHIP ,76200
STAR TOWNSHIP ,76260
STEPHENSON CITY ,76380
STEPHENSON TOWNSHIP ,76400
STERLING HEIGHTS CITY ,76460
STOCKBRIDGE TOWNSHIP ,76580
STRONACH TOWNSHIP ,76840
STURGIS CITY ,76960
STURGIS TOWNSHIP ,76980
SUGAR ISLAND TOWNSHIP ,77020
SULLIVAN TOWNSHIP ,77100
SUMMERFIELD TOWNSHIP ,77140
SUMMERFIELD TOWNSHIP ,77120
SUMMIT TOWNSHIP ,77200
SUMMIT TOWNSHIP ,77220
SUMNER TOWNSHIP ,77300
SUMPTER TOWNSHIP ,77360
SUNFIELD TOWNSHIP ,77440
SUPERIOR TOWNSHIP ,77560
SUPERIOR TOWNSHIP ,77540
SURREY TOWNSHIP ,77580
SUTTONS BAY TOWNSHIP ,77620
SWAN CREEK TOWNSHIP ,77660
SWARTZ CREEK CITY ,77700
SWEETWATER TOWNSHIP ,77740
SYLVAN LAKE CITY ,77860
SYLVAN TOWNSHIP ,77800
SYLVAN TOWNSHIP ,77760
TALLMADGE TOWNSHIP ,77980
TAWAS CITY CITY ,78140
TAWAS TOWNSHIP ,78100
TAYLOR CITY ,79000
TAYMOUTH TOWNSHIP ,79100
TECUMSEH CITY ,79120
TECUMSEH TOWNSHIP ,79140
TEKONSHA TOWNSHIP ,79180
TEXAS TOWNSHIP ,79300
THETFORD TOWNSHIP ,79460
THOMAS TOWNSHIP ,79520
THOMPSON TOWNSHIP ,79580
THORNAPPLE TOWNSHIP ,79620
THREE OAKS TOWNSHIP ,79740
THREE RIVERS CITY ,79760
TILDEN TOWNSHIP ,79780
TITTABAWASSEE TOWNSHIP ,79840
TOBACCO TOWNSHIP ,79860
TOMPKINS TOWNSHIP ,79980
TORCH LAKE TOWNSHIP ,80120
TORCH LAKE TOWNSHIP ,80100
TRAVERSE CITY CITY ,80340
TRENTON CITY ,80420
TROUT LAKE TOWNSHIP ,80600
TROWBRIDGE TOWNSHIP ,80620
TROY CITY ,80700
TROY TOWNSHIP ,80680
TURIN TOWNSHIP ,80780
TURNER TOWNSHIP ,80840
TUSCARORA TOWNSHIP ,80880
TUSCOLA TOWNSHIP ,80940
TYRONE TOWNSHIP ,81140
TYRONE TOWNSHIP ,81160
UNADILLA TOWNSHIP ,81240
UNION TOWNSHIP ,81320
UNION TOWNSHIP ,81280
UNION TOWNSHIP ,81340
UTICA CITY ,81540
VALLEY TOWNSHIP ,81580
VAN BUREN TOWNSHIP ,81660
VASSAR CITY ,81840
VASSAR TOWNSHIP ,81860
VENICE TOWNSHIP ,81880
VERGENNES TOWNSHIP ,81920
VERMONTVILLE TOWNSHIP ,81980
VERNON TOWNSHIP ,82000
VERNON TOWNSHIP ,82040
VERONA TOWNSHIP ,82140
VEVAY TOWNSHIP ,82220
VICTOR TOWNSHIP ,82320
VICTORY TOWNSHIP ,82360
VIENNA TOWNSHIP ,82380
VIENNA TOWNSHIP ,82420
VILLAGE OF CLARKSTON CITY ,82450
VILLAGE OF DOUGLAS CITY ,22740
VOLINIA TOWNSHIP ,82580
WAKEFIELD CITY ,82780
WAKEFIELD TOWNSHIP ,82800
WAKESHMA TOWNSHIP ,82840
WALES TOWNSHIP ,82900
WALKER CITY ,82960
WALKER TOWNSHIP ,82940
WALLED LAKE CITY ,83060
WALTON TOWNSHIP ,83180
WARNER TOWNSHIP ,83300
WARREN CITY ,84000
WARREN TOWNSHIP ,84020
WASHINGTON TOWNSHIP ,84080
WASHINGTON TOWNSHIP ,84120
WASHINGTON TOWNSHIP ,84140
WATERFORD TOWNSHIP ,84240
WATERLOO TOWNSHIP ,84300
WATERSMEET TOWNSHIP ,84380
WATERTOWN TOWNSHIP ,84400
WATERTOWN TOWNSHIP ,84440
WATERTOWN TOWNSHIP ,84460
WATERVLIET CHARTER TOWNSHIP ,84520
WATERVLIET CITY ,84500
WATSON TOWNSHIP ,84580
WAUCEDAH TOWNSHIP ,84700
WAVERLY TOWNSHIP ,84820
WAVERLY TOWNSHIP ,84760
WAWATAM TOWNSHIP ,84840
WAYLAND CITY ,84880
WAYLAND TOWNSHIP ,84900
WAYNE CITY ,84940
WAYNE TOWNSHIP ,84920
WEARE TOWNSHIP ,85040
WEBBER TOWNSHIP ,85060
WEBSTER TOWNSHIP ,85100
WEESAW TOWNSHIP ,85120
WELDON TOWNSHIP ,85160
WELLINGTON TOWNSHIP ,85180
WELLS TOWNSHIP ,85240
WELLS TOWNSHIP ,85280
WELLS TOWNSHIP ,85260
WEST BLOOMFIELD TOWNSHIP ,85480
WEST BRANCH CITY ,85580
WEST BRANCH TOWNSHIP ,85600
WEST BRANCH TOWNSHIP ,85520
WEST BRANCH TOWNSHIP ,85540
WEST BRANCH TOWNSHIP ,85560
WEST TRAVERSE TOWNSHIP ,86300
WESTLAND CITY ,86000
WESTPHALIA TOWNSHIP ,86140
WEXFORD TOWNSHIP ,86500
WHEATFIELD TOWNSHIP ,86520
WHEATLAND TOWNSHIP ,86540
WHEATLAND TOWNSHIP ,86560
WHEATLAND TOWNSHIP ,86580
WHEELER TOWNSHIP ,86620
WHITE CLOUD CITY ,86680
WHITE LAKE TOWNSHIP ,86860
WHITE OAK TOWNSHIP ,86900
WHITE PIGEON TOWNSHIP ,86940
WHITE RIVER TOWNSHIP ,86980
WHITEFISH TOWNSHIP ,86700
WHITEFORD TOWNSHIP ,86740
WHITEHALL CITY ,86780
WHITEHALL TOWNSHIP ,86800
WHITEWATER TOWNSHIP ,87040
WHITNEY TOWNSHIP ,87080
WHITTEMORE CITY ,87140
WILBER TOWNSHIP ,87180
WILCOX TOWNSHIP ,87200
WILLIAMS TOWNSHIP ,87380
WILLIAMSTON CITY ,87420
WILLIAMSTOWN TOWNSHIP ,87440
WILMOT TOWNSHIP ,87640
WILSON TOWNSHIP ,87680
WILSON TOWNSHIP ,87700
WINDSOR CHARTER TOWNSHIP ,87840
WINFIELD TOWNSHIP ,87880
WINSOR TOWNSHIP ,87960
WINTERFIELD TOWNSHIP ,87980
WISE TOWNSHIP ,88040
WISNER TOWNSHIP ,88080
WIXOM CITY ,88140
WOODBRIDGE TOWNSHIP ,88300
WOODHAVEN CITY ,88380
WOODHULL TOWNSHIP ,88400
WOODLAND TOWNSHIP ,88440
WOODSTOCK TOWNSHIP ,88640
WORTH TOWNSHIP ,88760
WRIGHT TOWNSHIP ,88780
WRIGHT TOWNSHIP ,88820
WYANDOTTE CITY ,88900
WYOMING CITY ,88940
YALE CITY ,89000
YANKEE SPRINGS TOWNSHIP ,89020
YATES TOWNSHIP ,89040
YORK TOWNSHIP ,89100
YPSILANTI CITY ,89140
YPSILANTI TOWNSHIP ,89160
ZEELAND CITY ,89260
ZEELAND TOWNSHIP ,89280
ZILWAUKEE CITY ,89320
ZILWAUKEE TOWNSHIP ,89340
